{
    "sum": 11659411.0,
    "avr": 308.1239693446089,
    "sumMD": 50907.0,
    "avrMD": 295.97093023255815,
    "sumSD": 51072.0,
    "avrSD": 296.93023255813955,
    "max": 579.0,
    "min": 38.0
}